Territorio;Titularidad del centro;Sexo;Curso;Nivel educativo;Modalidad;Valor;
Canarias (ES);CENTROS PRIVADOS;Mujeres;2014-2015;S;dist;113;
Canarias (ES);CENTROS PRIVADOS;Mujeres;2016-2017;B;pres;14;
Cataluña;TODOS LOS CENTROS;Mujeres;2016-2017;M;dist;470;
Cataluña;TODOS LOS CENTROS;Mujeres;2013-2014;M;pres;7235;
Cataluña;CENTROS PRIVADOS;Total;2011-2012;S;pres;5629;
Galicia;TODOS LOS CENTROS;Total;2012-2013;S;pres;6803;
Comunidad de Madrid;TODOS LOS CENTROS;Mujeres;2017-2018;S;pres;7831;
Comunidad de Madrid;CENTROS PRIVADOS;Total;2011-2012;S;pres;3959;
Canarias (ES);TODOS LOS CENTROS;Hombres;2015-2016;M;dist;482;
Galicia;CENTROS PÚBLICOS;Mujeres;2017-2018;S;pres;2747;
Galicia;CENTROS PRIVADOS;Mujeres;2017-2018;M;pres;793;
Comunidad de Madrid;TODOS LOS CENTROS;Total;2017-2018;S;dist;970;
Galicia;CENTROS PÚBLICOS;Hombres;2015-2016;S;pres;3054;
Cataluña;CENTROS PÚBLICOS;Mujeres;2015-2016;S;pres;5752;
Galicia;CENTROS PÚBLICOS;Hombres;2016-2017;S;dist;86;
Cataluña;TODOS LOS CENTROS;Mujeres;2014-2015;S;pres;9998;
Cataluña;CENTROS PÚBLICOS;Hombres;2011-2012;S;pres;5639;
Canarias (ES);CENTROS PÚBLICOS;Mujeres;2015-2016;B;pres;167;
País Vasco;CENTROS PRIVADOS;Mujeres;2014-2015;S;dist;0;
Canarias (ES);TODOS LOS CENTROS;Total;2012-2013;S;pres;3791;
Cataluña;TODOS LOS CENTROS;Total;2015-2016;M;pres;15630;
Comunidad de Madrid;TODOS LOS CENTROS;Hombres;2016-2017;M;pres;4888;
Galicia;CENTROS PÚBLICOS;Total;2013-2014;S;pres;5494;
País Vasco;CENTROS PRIVADOS;Hombres;2012-2013;M;dist;0;
Canarias (ES);TODOS LOS CENTROS;Total;2011-2012;M;pres;3698;
Cataluña;TODOS LOS CENTROS;Total;2014-2015;M;dist;213;
Galicia;CENTROS PRIVADOS;Hombres;2012-2013;S;dist;0;
Comunidad de Madrid;TODOS LOS CENTROS;Hombres;2015-2016;B;pres;902;
Galicia;CENTROS PÚBLICOS;Total;2016-2017;B;pres;1028;
Canarias (ES);TODOS LOS CENTROS;Total;2016-2017;S;dist;1205;
País Vasco;CENTROS PÚBLICOS;Hombres;2015-2016;M;pres;1741;
Galicia;CENTROS PRIVADOS;Mujeres;2017-2018;M;dist;0;
Cataluña;TODOS LOS CENTROS;Total;2014-2015;S;dist;755;
Comunidad de Madrid;TODOS LOS CENTROS;Hombres;2013-2014;S;pres;7153;
Galicia;CENTROS PÚBLICOS;Total;2014-2015;M;pres;4977;
Comunidad de Madrid;CENTROS PÚBLICOS;Total;2013-2014;M;pres;5978;
Canarias (ES);TODOS LOS CENTROS;Total;2014-2015;S;dist;1092;
Cataluña;CENTROS PRIVADOS;Mujeres;2012-2013;S;dist;0;
Comunidad de Madrid;TODOS LOS CENTROS;Total;2015-2016;S;pres;13844;
Canarias (ES);TODOS LOS CENTROS;Total;2017-2018;M;pres;3808;
Comunidad de Madrid;TODOS LOS CENTROS;Mujeres;2017-2018;S;dist;621;
Canarias (ES);TODOS LOS CENTROS;Hombres;2011-2012;M;pres;1919;
Cataluña;CENTROS PRIVADOS;Hombres;2012-2013;M;pres;2405;
Cataluña;TODOS LOS CENTROS;Total;2016-2017;M;dist;699;
Canarias (ES);TODOS LOS CENTROS;Hombres;2015-2016;S;pres;2559;
Comunidad de Madrid;CENTROS PÚBLICOS;Hombres;2015-2016;M;dist;15;
Comunidad de Madrid;CENTROS PÚBLICOS;Total;2014-2015;S;dist;304;
Comunidad de Madrid;CENTROS PRIVADOS;Total;2012-2013;M;dist;0;
Galicia;CENTROS PÚBLICOS;Mujeres;2015-2016;M;pres;2045;
Canarias (ES);CENTROS PRIVADOS;Total;2013-2014;S;dist;107;
Cataluña;CENTROS PRIVADOS;Mujeres;2015-2016;B;pres;0;
Canarias (ES);CENTROS PÚBLICOS;Total;2015-2016;B;pres;649;
Canarias (ES);CENTROS PÚBLICOS;Hombres;2016-2017;S;pres;2272;
Cataluña;TODOS LOS CENTROS;Mujeres;2013-2014;S;pres;9350;
Comunidad de Madrid;TODOS LOS CENTROS;Hombres;2014-2015;S;dist;133;
Canarias (ES);CENTROS PÚBLICOS;Mujeres;2014-2015;M;pres;1685;
Comunidad de Madrid;CENTROS PRIVADOS;Hombres;2017-2018;M;dist;209;
Canarias (ES);CENTROS PRIVADOS;Mujeres;2017-2018;M;dist;27;
Cataluña;CENTROS PÚBLICOS;Total;2013-2014;M;dist;495;
Galicia;TODOS LOS CENTROS;Hombres;2013-2014;S;pres;3213;
Galicia;TODOS LOS CENTROS;Mujeres;2017-2018;S;pres;3521;
Cataluña;TODOS LOS CENTROS;Mujeres;2011-2012;S;pres;9366;
Galicia;CENTROS PÚBLICOS;Mujeres;2012-2013;S;dist;11;
País Vasco;CENTROS PÚBLICOS;Mujeres;2016-2017;S;dist;28;
Cataluña;CENTROS PÚBLICOS;Mujeres;2015-2016;M;dist;163;
Comunidad de Madrid;CENTROS PRIVADOS;Total;2017-2018;S;dist;722;
Canarias (ES);TODOS LOS CENTROS;Hombres;2016-2017;S;dist;327;
Cataluña;TODOS LOS CENTROS;Total;2012-2013;M;pres;15654;
Galicia;TODOS LOS CENTROS;Total;2015-2016;M;dist;213;
Canarias (ES);CENTROS PRIVADOS;Mujeres;2017-2018;S;dist;127;
Comunidad de Madrid;TODOS LOS CENTROS;Hombres;2017-2018;S;dist;349;
Comunidad de Madrid;CENTROS PRIVADOS;Mujeres;2014-2015;M;pres;1415;
País Vasco;TODOS LOS CENTROS;Mujeres;2014-2015;S;dist;25;
Cataluña;CENTROS PÚBLICOS;Mujeres;2014-2015;S;dist;275;
Comunidad de Madrid;CENTROS PRIVADOS;Mujeres;2015-2016;S;pres;1652;
Galicia;CENTROS PRIVADOS;Mujeres;2011-2012;S;pres;655;
Galicia;CENTROS PRIVADOS;Total;2017-2018;B;pres;182;
Cataluña;CENTROS PRIVADOS;Mujeres;2012-2013;S;pres;2836;
Canarias (ES);CENTROS PÚBLICOS;Hombres;2015-2016;B;pres;482;
Canarias (ES);CENTROS PRIVADOS;Hombres;2015-2016;B;pres;10;
Comunidad de Madrid;CENTROS PÚBLICOS;Hombres;2014-2015;S;dist;43;
Galicia;TODOS LOS CENTROS;Hombres;2012-2013;M;dist;0;
Cataluña;TODOS LOS CENTROS;Hombres;2016-2017;B;pres;0;
Galicia;TODOS LOS CENTROS;Hombres;2011-2012;M;dist;0;
País Vasco;CENTROS PÚBLICOS;Hombres;2015-2016;M;dist;25;
País Vasco;CENTROS PRIVADOS;Total;2012-2013;M;dist;0;
Galicia;TODOS LOS CENTROS;Hombres;2011-2012;S;pres;2685;
Galicia;CENTROS PÚBLICOS;Total;2013-2014;S;dist;39;
Cataluña;CENTROS PRIVADOS;Total;2017-2018;M;dist;716;
Galicia;CENTROS PÚBLICOS;Hombres;2017-2018;M;dist;58;
Galicia;CENTROS PÚBLICOS;Mujeres;2013-2014;M;pres;1954;
Cataluña;CENTROS PÚBLICOS;Hombres;2015-2016;B;pres;0;
Canarias (ES);CENTROS PÚBLICOS;Mujeres;2016-2017;M;pres;1533;
Comunidad de Madrid;CENTROS PRIVADOS;Hombres;2013-2014;M;pres;1969;
Comunidad de Madrid;CENTROS PRIVADOS;Total;2013-2014;S;pres;4359;
Canarias (ES);CENTROS PÚBLICOS;Mujeres;2017-2018;S;pres;2424;
Cataluña;CENTROS PÚBLICOS;Mujeres;2013-2014;M;dist;359;
Canarias (ES);CENTROS PÚBLICOS;Hombres;2012-2013;S;dist;163;
Galicia;CENTROS PRIVADOS;Total;2017-2018;S;pres;1381;
País Vasco;TODOS LOS CENTROS;Mujeres;2011-2012;M;dist;0;
País Vasco;TODOS LOS CENTROS;Hombres;2012-2013;S;dist;0;
Comunidad de Madrid;TODOS LOS CENTROS;Total;2013-2014;S;dist;472;
Comunidad de Madrid;CENTROS PRIVADOS;Mujeres;2016-2017;S;pres;1698;
Galicia;CENTROS PÚBLICOS;Mujeres;2016-2017;S;pres;2506;
Comunidad de Madrid;CENTROS PÚBLICOS;Total;2015-2016;M;pres;6218;
Canarias (ES);CENTROS PRIVADOS;Total;2011-2012;M;dist;0;
Cataluña;TODOS LOS CENTROS;Total;2016-2017;M;pres;16353;
Galicia;CENTROS PÚBLICOS;Hombres;2017-2018;S;dist;85;
Galicia;TODOS LOS CENTROS;Total;2013-2014;S;dist;39;
Galicia;CENTROS PRIVADOS;Total;2015-2016;S;pres;1315;
País Vasco;CENTROS PRIVADOS;Total;2016-2017;S;dist;0;
País Vasco;CENTROS PÚBLICOS;Hombres;2011-2012;M;dist;0;
Cataluña;CENTROS PÚBLICOS;Hombres;2011-2012;S;dist;168;
Cataluña;CENTROS PRIVADOS;Hombres;2016-2017;M;pres;2804;
Cataluña;TODOS LOS CENTROS;Mujeres;2012-2013;S;dist;0;
Galicia;CENTROS PRIVADOS;Hombres;2015-2016;S;pres;558;
Canarias (ES);TODOS LOS CENTROS;Hombres;2011-2012;M;dist;87;
Canarias (ES);CENTROS PÚBLICOS;Hombres;2012-2013;M;pres;1859;
Comunidad de Madrid;CENTROS PÚBLICOS;Mujeres;2013-2014;S;pres;4968;
País Vasco;CENTROS PÚBLICOS;Mujeres;2017-2018;S;pres;1589;
Canarias (ES);TODOS LOS CENTROS;Hombres;2016-2017;B;pres;691;
Cataluña;CENTROS PRIVADOS;Mujeres;2017-2018;M;dist;591;
País Vasco;TODOS LOS CENTROS;Mujeres;2017-2018;S;dist;14;
Cataluña;CENTROS PÚBLICOS;Total;2014-2015;S;pres;12980;
Cataluña;CENTROS PÚBLICOS;Total;2014-2015;M;dist;139;
Comunidad de Madrid;CENTROS PRIVADOS;Hombres;2013-2014;S;dist;101;
Galicia;TODOS LOS CENTROS;Mujeres;2012-2013;S;dist;11;
Canarias (ES);CENTROS PÚBLICOS;Hombres;2012-2013;M;dist;121;
Galicia;CENTROS PRIVADOS;Mujeres;2016-2017;M;dist;0;
País Vasco;TODOS LOS CENTROS;Total;2011-2012;M;pres;3954;
Galicia;TODOS LOS CENTROS;Total;2017-2018;M;pres;5549;
Canarias (ES);CENTROS PRIVADOS;Mujeres;2012-2013;M;pres;130;
Canarias (ES);CENTROS PÚBLICOS;Total;2011-2012;S;pres;3545;
País Vasco;TODOS LOS CENTROS;Mujeres;2015-2016;S;pres;2939;
Canarias (ES);CENTROS PÚBLICOS;Mujeres;2013-2014;M;pres;1540;
Comunidad de Madrid;TODOS LOS CENTROS;Hombres;2012-2013;M;dist;15;
Galicia;TODOS LOS CENTROS;Mujeres;2015-2016;S;pres;3625;
Canarias (ES);CENTROS PÚBLICOS;Mujeres;2011-2012;S;dist;290;
Cataluña;CENTROS PRIVADOS;Hombres;2015-2016;M;pres;2627;
Cataluña;TODOS LOS CENTROS;Hombres;2012-2013;S;pres;9111;
Comunidad de Madrid;TODOS LOS CENTROS;Mujeres;2013-2014;S;pres;7114;
Galicia;TODOS LOS CENTROS;Hombres;2013-2014;S;dist;4;
País Vasco;CENTROS PRIVADOS;Total;2015-2016;S;dist;0;
Cataluña;TODOS LOS CENTROS;Hombres;2014-2015;M;dist;85;
Cataluña;TODOS LOS CENTROS;Hombres;2012-2013;S;dist;0;
Canarias (ES);CENTROS PRIVADOS;Total;2014-2015;M;pres;320;
Cataluña;CENTROS PRIVADOS;Hombres;2015-2016;S;pres;2988;
País Vasco;TODOS LOS CENTROS;Mujeres;2014-2015;S;pres;3129;
Galicia;CENTROS PÚBLICOS;Hombres;2016-2017;M;dist;66;
Canarias (ES);CENTROS PÚBLICOS;Hombres;2014-2015;M;pres;2120;
País Vasco;TODOS LOS CENTROS;Hombres;2016-2017;S;dist;27;
Galicia;CENTROS PÚBLICOS;Total;2017-2018;M;dist;215;
Comunidad de Madrid;CENTROS PRIVADOS;Hombres;2016-2017;S;dist;130;
Cataluña;TODOS LOS CENTROS;Hombres;2012-2013;M;dist;0;
Cataluña;CENTROS PÚBLICOS;Mujeres;2016-2017;M;dist;171;
País Vasco;TODOS LOS CENTROS;Total;2012-2013;S;pres;6718;
Comunidad de Madrid;CENTROS PRIVADOS;Mujeres;2017-2018;M;pres;1852;
Cataluña;CENTROS PÚBLICOS;Hombres;2017-2018;M;pres;5900;
Cataluña;TODOS LOS CENTROS;Mujeres;2013-2014;M;dist;359;
Cataluña;CENTROS PRIVADOS;Total;2015-2016;M;pres;4470;
Canarias (ES);TODOS LOS CENTROS;Total;2013-2014;S;dist;728;
Cataluña;TODOS LOS CENTROS;Hombres;2017-2018;S;dist;539;
Galicia;CENTROS PRIVADOS;Mujeres;2012-2013;M;dist;0;
Galicia;CENTROS PÚBLICOS;Mujeres;2012-2013;S;pres;2901;
Galicia;TODOS LOS CENTROS;Hombres;2014-2015;M;pres;3358;
Galicia;CENTROS PRIVADOS;Total;2011-2012;S;pres;1052;
Galicia;CENTROS PRIVADOS;Total;2013-2014;M;dist;0;
Comunidad de Madrid;TODOS LOS CENTROS;Total;2013-2014;M;pres;9225;
Galicia;CENTROS PÚBLICOS;Hombres;2016-2017;M;pres;2673;
Galicia;CENTROS PRIVADOS;Mujeres;2016-2017;S;pres;663;
País Vasco;CENTROS PÚBLICOS;Mujeres;2014-2015;S;pres;1652;
Canarias (ES);CENTROS PÚBLICOS;Total;2013-2014;M;pres;3560;
Cataluña;TODOS LOS CENTROS;Total;2012-2013;S;dist;0;
Canarias (ES);CENTROS PRIVADOS;Hombres;2013-2014;M;pres;180;
País Vasco;CENTROS PRIVADOS;Hombres;2011-2012;S;dist;0;
Cataluña;CENTROS PÚBLICOS;Total;2012-2013;S;dist;0;
Comunidad de Madrid;TODOS LOS CENTROS;Total;2015-2016;M;dist;284;
Canarias (ES);TODOS LOS CENTROS;Total;2016-2017;S;pres;5104;
Comunidad de Madrid;CENTROS PRIVADOS;Mujeres;2014-2015;S;dist;79;
Cataluña;CENTROS PRIVADOS;Mujeres;2012-2013;M;pres;1893;
Canarias (ES);CENTROS PÚBLICOS;Hombres;2014-2015;S;dist;210;
Cataluña;TODOS LOS CENTROS;Hombres;2011-2012;S;dist;168;
Galicia;TODOS LOS CENTROS;Total;2013-2014;M;pres;5783;
Canarias (ES);CENTROS PRIVADOS;Hombres;2016-2017;S;pres;247;
Cataluña;CENTROS PRIVADOS;Total;2016-2017;B;pres;0;
Galicia;CENTROS PRIVADOS;Mujeres;2017-2018;B;pres;70;
Galicia;CENTROS PÚBLICOS;Hombres;2012-2013;S;pres;2607;
Galicia;CENTROS PRIVADOS;Mujeres;2012-2013;S;pres;821;
Comunidad de Madrid;CENTROS PÚBLICOS;Total;2017-2018;S;dist;248;
Comunidad de Madrid;TODOS LOS CENTROS;Hombres;2016-2017;S;pres;6772;
Cataluña;CENTROS PÚBLICOS;Mujeres;2016-2017;M;pres;5637;
Galicia;CENTROS PRIVADOS;Mujeres;2011-2012;S;dist;0;
Canarias (ES);CENTROS PRIVADOS;Mujeres;2014-2015;M;dist;14;
Comunidad de Madrid;TODOS LOS CENTROS;Mujeres;2016-2017;S;pres;6282;
Canarias (ES);TODOS LOS CENTROS;Hombres;2017-2018;S;dist;346;
Canarias (ES);TODOS LOS CENTROS;Total;2015-2016;S;pres;5211;
País Vasco;CENTROS PÚBLICOS;Total;2014-2015;M;pres;2698;
Cataluña;CENTROS PRIVADOS;Mujeres;2011-2012;S;dist;0;
Cataluña;CENTROS PRIVADOS;Hombres;2017-2018;S;dist;382;
País Vasco;TODOS LOS CENTROS;Mujeres;2014-2015;M;pres;1811;
Galicia;CENTROS PRIVADOS;Mujeres;2011-2012;M;dist;0;
Canarias (ES);CENTROS PRIVADOS;Hombres;2017-2018;B;pres;46;
Galicia;CENTROS PRIVADOS;Total;2015-2016;S;dist;0;
Cataluña;CENTROS PÚBLICOS;Total;2015-2016;M;pres;11160;
Comunidad de Madrid;TODOS LOS CENTROS;Mujeres;2014-2015;M;dist;67;
Cataluña;CENTROS PRIVADOS;Mujeres;2013-2014;S;pres;2908;
Cataluña;CENTROS PRIVADOS;Mujeres;2015-2016;M;pres;1843;
Cataluña;CENTROS PÚBLICOS;Mujeres;2015-2016;B;pres;0;
País Vasco;TODOS LOS CENTROS;Mujeres;2015-2016;M;pres;1798;
Canarias (ES);CENTROS PÚBLICOS;Hombres;2017-2018;M;pres;1958;
Galicia;TODOS LOS CENTROS;Hombres;2016-2017;S;pres;3241;
País Vasco;CENTROS PRIVADOS;Mujeres;2017-2018;S;pres;1486;
Canarias (ES);CENTROS PRIVADOS;Hombres;2016-2017;M;pres;164;
Cataluña;TODOS LOS CENTROS;Hombres;2016-2017;M;pres;8696;
Canarias (ES);CENTROS PÚBLICOS;Total;2016-2017;M;dist;1178;
Cataluña;CENTROS PÚBLICOS;Total;2015-2016;M;dist;236;
Cataluña;CENTROS PRIVADOS;Mujeres;2011-2012;S;pres;2903;
Comunidad de Madrid;TODOS LOS CENTROS;Mujeres;2012-2013;M;dist;86;
Galicia;CENTROS PÚBLICOS;Total;2013-2014;M;pres;4578;
Cataluña;CENTROS PRIVADOS;Mujeres;2016-2017;B;pres;0;
País Vasco;CENTROS PÚBLICOS;Hombres;2016-2017;S;pres;2184;
Canarias (ES);TODOS LOS CENTROS;Mujeres;2011-2012;S;dist;306;
Cataluña;CENTROS PRIVADOS;Hombres;2015-2016;B;pres;0;
Galicia;CENTROS PÚBLICOS;Hombres;2014-2015;S;dist;29;
Canarias (ES);CENTROS PRIVADOS;Total;2016-2017;S;dist;238;
Cataluña;CENTROS PÚBLICOS;Hombres;2017-2018;S;pres;6137;
Galicia;TODOS LOS CENTROS;Mujeres;2017-2018;M;dist;157;
Cataluña;CENTROS PRIVADOS;Mujeres;2013-2014;M;dist;0;
País Vasco;TODOS LOS CENTROS;Mujeres;2016-2017;M;dist;33;
País Vasco;CENTROS PRIVADOS;Mujeres;2016-2017;S;pres;1440;
Cataluña;TODOS LOS CENTROS;Mujeres;2015-2016;S;pres;7950;
Galicia;CENTROS PÚBLICOS;Mujeres;2015-2016;S;dist;113;
Canarias (ES);CENTROS PRIVADOS;Mujeres;2012-2013;M;dist;6;
Comunidad de Madrid;CENTROS PÚBLICOS;Total;2016-2017;S;pres;9189;
Cataluña;TODOS LOS CENTROS;Hombres;2011-2012;M;dist;90;
Comunidad de Madrid;CENTROS PÚBLICOS;Total;2016-2017;M;pres;5867;
Galicia;CENTROS PRIVADOS;Total;2015-2016;M;dist;0;
Comunidad de Madrid;CENTROS PRIVADOS;Mujeres;2015-2016;M;dist;58;
Canarias (ES);TODOS LOS CENTROS;Hombres;2016-2017;M;pres;2176;
Galicia;TODOS LOS CENTROS;Total;2012-2013;M;dist;0;
Cataluña;TODOS LOS CENTROS;Total;2017-2018;S;dist;2041;
Comunidad de Madrid;TODOS LOS CENTROS;Total;2017-2018;B;pres;2159;
Canarias (ES);TODOS LOS CENTROS;Hombres;2016-2017;M;dist;419;
Galicia;CENTROS PRIVADOS;Total;2017-2018;S;dist;8;
País Vasco;TODOS LOS CENTROS;Total;2017-2018;M;pres;4810;
Canarias (ES);CENTROS PÚBLICOS;Mujeres;2017-2018;B;pres;295;
País Vasco;TODOS LOS CENTROS;Hombres;2014-2015;S;pres;4350;
País Vasco;CENTROS PÚBLICOS;Mujeres;2016-2017;B;pres;86;
Comunidad de Madrid;TODOS LOS CENTROS;Hombres;2014-2015;M;pres;4897;
Comunidad de Madrid;CENTROS PRIVADOS;Total;2017-2018;B;pres;914;
País Vasco;TODOS LOS CENTROS;Mujeres;2016-2017;S;dist;28;
Galicia;TODOS LOS CENTROS;Total;2015-2016;S;pres;7237;
Galicia;CENTROS PRIVADOS;Hombres;2014-2015;S;dist;0;
Cataluña;TODOS LOS CENTROS;Mujeres;2011-2012;M;pres;7281;
Galicia;TODOS LOS CENTROS;Hombres;2014-2015;S;dist;29;
País Vasco;CENTROS PRIVADOS;Total;2012-2013;S;pres;3208;
Comunidad de Madrid;CENTROS PÚBLICOS;Total;2014-2015;M;pres;6126;
Cataluña;CENTROS PÚBLICOS;Mujeres;2012-2013;S;dist;0;
Canarias (ES);CENTROS PRIVADOS;Hombres;2013-2014;S;pres;188;
Comunidad de Madrid;CENTROS PÚBLICOS;Hombres;2013-2014;M;pres;2967;
Galicia;CENTROS PÚBLICOS;Mujeres;2015-2016;B;pres;154;
Galicia;CENTROS PRIVADOS;Hombres;2016-2017;B;pres;157;
Comunidad de Madrid;CENTROS PRIVADOS;Total;2015-2016;M;dist;190;
País Vasco;CENTROS PRIVADOS;Total;2011-2012;M;pres;1636;
País Vasco;CENTROS PÚBLICOS;Total;2017-2018;M;dist;72;
País Vasco;TODOS LOS CENTROS;Total;2017-2018;B;pres;1485;
Comunidad de Madrid;TODOS LOS CENTROS;Mujeres;2015-2016;B;pres;437;
País Vasco;CENTROS PRIVADOS;Hombres;2011-2012;M;dist;0;
Canarias (ES);TODOS LOS CENTROS;Mujeres;2016-2017;B;pres;225;
Cataluña;CENTROS PÚBLICOS;Total;2016-2017;B;pres;0;
Canarias (ES);CENTROS PRIVADOS;Mujeres;2017-2018;B;pres;18;
Cataluña;TODOS LOS CENTROS;Hombres;2011-2012;M;pres;7673;
Cataluña;CENTROS PRIVADOS;Hombres;2012-2013;M;dist;0;
Canarias (ES);CENTROS PRIVADOS;Total;2014-2015;M;dist;18;
Comunidad de Madrid;TODOS LOS CENTROS;Hombres;2013-2014;M;dist;2;
País Vasco;CENTROS PÚBLICOS;Mujeres;2011-2012;M;dist;0;
Comunidad de Madrid;CENTROS PRIVADOS;Mujeres;2017-2018;S;dist;405;
Cataluña;TODOS LOS CENTROS;Mujeres;2016-2017;B;pres;0;
Comunidad de Madrid;TODOS LOS CENTROS;Hombres;2015-2016;S;dist;110;
Canarias (ES);TODOS LOS CENTROS;Mujeres;2015-2016;S;dist;941;
Cataluña;CENTROS PÚBLICOS;Hombres;2012-2013;M;pres;5680;
Comunidad de Madrid;CENTROS PÚBLICOS;Total;2012-2013;M;dist;101;
Canarias (ES);CENTROS PRIVADOS;Total;2015-2016;S;pres;384;
Comunidad de Madrid;TODOS LOS CENTROS;Total;2016-2017;B;pres;1822;
Canarias (ES);CENTROS PÚBLICOS;Hombres;2013-2014;S;dist;216;
Cataluña;TODOS LOS CENTROS;Mujeres;2017-2018;M;pres;7508;
Canarias (ES);CENTROS PÚBLICOS;Hombres;2017-2018;M;dist;302;
Canarias (ES);TODOS LOS CENTROS;Mujeres;2015-2016;B;pres;173;
Comunidad de Madrid;CENTROS PRIVADOS;Total;2016-2017;M;dist;274;
Galicia;CENTROS PÚBLICOS;Mujeres;2011-2012;S;dist;0;
Canarias (ES);CENTROS PRIVADOS;Mujeres;2016-2017;S;dist;179;
País Vasco;TODOS LOS CENTROS;Mujeres;2011-2012;S;pres;2947;
Comunidad de Madrid;TODOS LOS CENTROS;Total;2012-2013;M;dist;101;
Comunidad de Madrid;CENTROS PRIVADOS;Hombres;2017-2018;S;pres;3583;
Cataluña;CENTROS PÚBLICOS;Hombres;2012-2013;S;dist;0;
Cataluña;TODOS LOS CENTROS;Total;2012-2013;M;dist;0;
País Vasco;TODOS LOS CENTROS;Hombres;2015-2016;B;pres;797;
País Vasco;CENTROS PRIVADOS;Hombres;2017-2018;M;pres;1204;
Comunidad de Madrid;CENTROS PRIVADOS;Total;2011-2012;M;pres;3289;
Canarias (ES);TODOS LOS CENTROS;Total;2013-2014;M;dist;1042;
País Vasco;TODOS LOS CENTROS;Hombres;2016-2017;M;dist;34;
Cataluña;TODOS LOS CENTROS;Hombres;2011-2012;S;pres;8365;
Comunidad de Madrid;TODOS LOS CENTROS;Total;2014-2015;S;dist;473;
Galicia;TODOS LOS CENTROS;Total;2015-2016;M;pres;6041;
Cataluña;CENTROS PRIVADOS;Total;2012-2013;M;pres;4298;
Galicia;CENTROS PRIVADOS;Mujeres;2013-2014;S;dist;0;
Cataluña;CENTROS PÚBLICOS;Hombres;2011-2012;M;pres;5385;
Cataluña;CENTROS PÚBLICOS;Hombres;2016-2017;S;pres;6339;
País Vasco;CENTROS PRIVADOS;Hombres;2017-2018;B;pres;766;
Comunidad de Madrid;TODOS LOS CENTROS;Hombres;2016-2017;S;dist;151;
Comunidad de Madrid;CENTROS PRIVADOS;Total;2014-2015;S;pres;3564;
País Vasco;TODOS LOS CENTROS;Mujeres;2016-2017;M;pres;1834;
Comunidad de Madrid;CENTROS PRIVADOS;Mujeres;2016-2017;M;pres;1713;
Comunidad de Madrid;CENTROS PRIVADOS;Hombres;2011-2012;S;dist;70;
Comunidad de Madrid;CENTROS PÚBLICOS;Hombres;2011-2012;M;dist;32;
Cataluña;CENTROS PÚBLICOS;Mujeres;2012-2013;S;pres;6505;
Cataluña;CENTROS PRIVADOS;Mujeres;2013-2014;M;pres;1779;
Cataluña;CENTROS PÚBLICOS;Total;2011-2012;S;dist;880;
Galicia;CENTROS PRIVADOS;Mujeres;2015-2016;M;pres;703;
Comunidad de Madrid;TODOS LOS CENTROS;Total;2013-2014;S;pres;14267;
Galicia;TODOS LOS CENTROS;Mujeres;2017-2018;B;pres;363;
Canarias (ES);CENTROS PRIVADOS;Hombres;2016-2017;B;pres;40;
Cataluña;CENTROS PRIVADOS;Total;2011-2012;M;pres;4349;
Comunidad de Madrid;TODOS LOS CENTROS;Total;2014-2015;M;pres;9279;
País Vasco;CENTROS PRIVADOS;Mujeres;2014-2015;S;pres;1477;
Comunidad de Madrid;CENTROS PÚBLICOS;Mujeres;2016-2017;S;dist;260;
Comunidad de Madrid;CENTROS PÚBLICOS;Mujeres;2015-2016;S;pres;4954;
Canarias (ES);CENTROS PRIVADOS;Hombres;2013-2014;M;dist;0;
Canarias (ES);TODOS LOS CENTROS;Total;2015-2016;S;dist;1316;
Comunidad de Madrid;CENTROS PRIVADOS;Total;2011-2012;M;dist;0;
Canarias (ES);TODOS LOS CENTROS;Mujeres;2014-2015;M;pres;1845;
Canarias (ES);CENTROS PÚBLICOS;Hombres;2017-2018;S;pres;2333;
Cataluña;CENTROS PÚBLICOS;Total;2012-2013;M;dist;0;
Comunidad de Madrid;CENTROS PRIVADOS;Total;2013-2014;S;dist;200;
Comunidad de Madrid;TODOS LOS CENTROS;Total;2014-2015;S;pres;14287;
Canarias (ES);TODOS LOS CENTROS;Hombres;2014-2015;M;pres;2280;
Galicia;CENTROS PÚBLICOS;Mujeres;2012-2013;M;pres;1835;
Cataluña;CENTROS PRIVADOS;Mujeres;2013-2014;S;dist;0;
Comunidad de Madrid;CENTROS PRIVADOS;Hombres;2016-2017;S;pres;2167;
Galicia;CENTROS PRIVADOS;Total;2011-2012;S;dist;0;
Comunidad de Madrid;CENTROS PÚBLICOS;Mujeres;2014-2015;M;pres;2967;
Cataluña;CENTROS PRIVADOS;Total;2014-2015;M;dist;74;
País Vasco;CENTROS PÚBLICOS;Total;2015-2016;S;pres;3739;
Cataluña;CENTROS PÚBLICOS;Total;2017-2018;B;pres;0;
País Vasco;CENTROS PRIVADOS;Mujeres;2015-2016;M;pres;828;
País Vasco;CENTROS PRIVADOS;Mujeres;2017-2018;B;pres;340;
Cataluña;CENTROS PÚBLICOS;Total;2011-2012;M;pres;10605;
Comunidad de Madrid;TODOS LOS CENTROS;Mujeres;2011-2012;M;dist;96;
País Vasco;CENTROS PRIVADOS;Hombres;2015-2016;M;pres;1019;
Canarias (ES);CENTROS PRIVADOS;Total;2015-2016;M;dist;129;
Galicia;CENTROS PRIVADOS;Total;2011-2012;M;pres;1245;
Galicia;TODOS LOS CENTROS;Mujeres;2013-2014;M;pres;2729;
Canarias (ES);CENTROS PRIVADOS;Total;2012-2013;M;dist;7;
Cataluña;CENTROS PÚBLICOS;Total;2015-2016;S;pres;11803;
Comunidad de Madrid;CENTROS PÚBLICOS;Mujeres;2011-2012;S;dist;91;
Canarias (ES);CENTROS PRIVADOS;Mujeres;2013-2014;M;dist;6;
Canarias (ES);TODOS LOS CENTROS;Mujeres;2017-2018;S;pres;2752;
Canarias (ES);CENTROS PRIVADOS;Total;2011-2012;S;dist;18;
País Vasco;CENTROS PÚBLICOS;Mujeres;2012-2013;S;dist;0;
País Vasco;CENTROS PRIVADOS;Hombres;2016-2017;S;dist;0;
País Vasco;CENTROS PRIVADOS;Mujeres;2016-2017;B;pres;304;
Canarias (ES);TODOS LOS CENTROS;Mujeres;2011-2012;M;pres;1779;
Galicia;CENTROS PÚBLICOS;Total;2017-2018;B;pres;1083;
País Vasco;TODOS LOS CENTROS;Mujeres;2016-2017;S;pres;2916;
Galicia;TODOS LOS CENTROS;Hombres;2015-2016;M;dist;58;
País Vasco;TODOS LOS CENTROS;Mujeres;2012-2013;M;dist;0;
Galicia;TODOS LOS CENTROS;Total;2011-2012;S;dist;0;
Comunidad de Madrid;CENTROS PÚBLICOS;Mujeres;2013-2014;S;dist;229;
Canarias (ES);CENTROS PÚBLICOS;Hombres;2014-2015;S;pres;2325;
Comunidad de Madrid;TODOS LOS CENTROS;Total;2011-2012;S;pres;12908;
Comunidad de Madrid;TODOS LOS CENTROS;Hombres;2012-2013;M;pres;4241;
Galicia;TODOS LOS CENTROS;Total;2013-2014;S;pres;6698;
Canarias (ES);TODOS LOS CENTROS;Hombres;2017-2018;M;dist;342;
País Vasco;TODOS LOS CENTROS;Hombres;2015-2016;M;pres;2760;
Comunidad de Madrid;CENTROS PÚBLICOS;Mujeres;2016-2017;S;pres;4584;
Comunidad de Madrid;CENTROS PÚBLICOS;Hombres;2013-2014;S;dist;43;
País Vasco;CENTROS PRIVADOS;Total;2017-2018;B;pres;1106;
Cataluña;CENTROS PÚBLICOS;Mujeres;2017-2018;M;pres;5415;
Cataluña;TODOS LOS CENTROS;Hombres;2017-2018;M;pres;8902;
Comunidad de Madrid;TODOS LOS CENTROS;Mujeres;2014-2015;M;pres;4382;
Cataluña;CENTROS PRIVADOS;Mujeres;2017-2018;B;pres;0;
País Vasco;CENTROS PRIVADOS;Mujeres;2012-2013;S;pres;1422;
Cataluña;CENTROS PÚBLICOS;Total;2014-2015;S;dist;426;
Comunidad de Madrid;CENTROS PRIVADOS;Total;2012-2013;S;dist;142;
Galicia;CENTROS PRIVADOS;Hombres;2017-2018;B;pres;112;
País Vasco;TODOS LOS CENTROS;Hombres;2012-2013;M;pres;2393;
País Vasco;TODOS LOS CENTROS;Hombres;2017-2018;S;pres;4966;
Comunidad de Madrid;CENTROS PRIVADOS;Hombres;2015-2016;B;pres;396;
País Vasco;CENTROS PÚBLICOS;Hombres;2015-2016;S;dist;22;
Canarias (ES);TODOS LOS CENTROS;Total;2011-2012;S;pres;3699;
Galicia;TODOS LOS CENTROS;Total;2014-2015;M;dist;142;
Canarias (ES);CENTROS PÚBLICOS;Total;2015-2016;S;dist;1188;
País Vasco;CENTROS PÚBLICOS;Hombres;2012-2013;S;pres;1989;
Canarias (ES);CENTROS PÚBLICOS;Total;2017-2018;B;pres;931;
Comunidad de Madrid;CENTROS PRIVADOS;Hombres;2014-2015;M;pres;1738;
Comunidad de Madrid;CENTROS PRIVADOS;Hombres;2016-2017;M;pres;1877;
Cataluña;CENTROS PÚBLICOS;Hombres;2011-2012;M;dist;90;
País Vasco;CENTROS PÚBLICOS;Hombres;2017-2018;B;pres;276;
Canarias (ES);TODOS LOS CENTROS;Total;2014-2015;M;pres;4125;
Canarias (ES);CENTROS PÚBLICOS;Total;2016-2017;M;pres;3545;
Comunidad de Madrid;TODOS LOS CENTROS;Hombres;2014-2015;M;dist;109;
Cataluña;CENTROS PÚBLICOS;Hombres;2016-2017;B;pres;0;
Canarias (ES);CENTROS PRIVADOS;Hombres;2011-2012;S;dist;2;
Canarias (ES);CENTROS PÚBLICOS;Mujeres;2014-2015;S;dist;727;
Cataluña;CENTROS PÚBLICOS;Mujeres;2016-2017;B;pres;0;
Cataluña;TODOS LOS CENTROS;Hombres;2017-2018;S;pres;9937;
Canarias (ES);CENTROS PÚBLICOS;Total;2013-2014;S;pres;3916;
Canarias (ES);TODOS LOS CENTROS;Hombres;2014-2015;S;dist;252;
Comunidad de Madrid;TODOS LOS CENTROS;Total;2012-2013;M;pres;8214;
Canarias (ES);TODOS LOS CENTROS;Total;2016-2017;B;pres;916;
Canarias (ES);CENTROS PÚBLICOS;Hombres;2012-2013;S;pres;1578;
Cataluña;CENTROS PÚBLICOS;Total;2017-2018;M;pres;11315;
Canarias (ES);CENTROS PÚBLICOS;Hombres;2011-2012;M;dist;87;
Cataluña;CENTROS PÚBLICOS;Mujeres;2014-2015;M;dist;71;
Cataluña;CENTROS PÚBLICOS;Total;2013-2014;M;pres;11140;
Galicia;TODOS LOS CENTROS;Mujeres;2015-2016;M;dist;155;
País Vasco;CENTROS PÚBLICOS;Hombres;2017-2018;S;dist;36;
Comunidad de Madrid;TODOS LOS CENTROS;Hombres;2012-2013;S;pres;6355;
País Vasco;CENTROS PRIVADOS;Mujeres;2012-2013;M;pres;770;
País Vasco;TODOS LOS CENTROS;Mujeres;2015-2016;S;dist;29;
Cataluña;CENTROS PÚBLICOS;Total;2011-2012;M;dist;367;
País Vasco;CENTROS PRIVADOS;Hombres;2015-2016;S;pres;1939;
Cataluña;CENTROS PRIVADOS;Total;2012-2013;S;dist;0;
País Vasco;CENTROS PÚBLICOS;Mujeres;2012-2013;S;pres;1521;
Canarias (ES);CENTROS PRIVADOS;Total;2017-2018;B;pres;64;
Canarias (ES);TODOS LOS CENTROS;Mujeres;2017-2018;S;dist;886;
Canarias (ES);CENTROS PÚBLICOS;Mujeres;2015-2016;M;dist;750;
Comunidad de Madrid;CENTROS PÚBLICOS;Total;2011-2012;M;pres;6223;
Comunidad de Madrid;TODOS LOS CENTROS;Mujeres;2012-2013;S;pres;6717;
Cataluña;CENTROS PRIVADOS;Hombres;2013-2014;M;pres;2282;
Galicia;CENTROS PRIVADOS;Hombres;2013-2014;S;dist;0;
Cataluña;TODOS LOS CENTROS;Mujeres;2014-2015;M;dist;128;
Canarias (ES);TODOS LOS CENTROS;Total;2012-2013;S;dist;560;
Galicia;CENTROS PRIVADOS;Hombres;2016-2017;S;pres;534;
Galicia;TODOS LOS CENTROS;Hombres;2017-2018;S;pres;3647;
Comunidad de Madrid;CENTROS PÚBLICOS;Hombres;2015-2016;B;pres;506;
Cataluña;CENTROS PRIVADOS;Total;2015-2016;S;pres;5186;
País Vasco;CENTROS PÚBLICOS;Mujeres;2012-2013;M;pres;879;
Canarias (ES);CENTROS PRIVADOS;Mujeres;2015-2016;S;dist;82;
Comunidad de Madrid;CENTROS PÚBLICOS;Hombres;2015-2016;S;dist;76;
Canarias (ES);TODOS LOS CENTROS;Mujeres;2015-2016;M;dist;774;
País Vasco;CENTROS PRIVADOS;Mujeres;2012-2013;S;dist;0;
Galicia;CENTROS PÚBLICOS;Total;2016-2017;M;pres;4479;
Canarias (ES);CENTROS PÚBLICOS;Mujeres;2014-2015;M;dist;1040;
Comunidad de Madrid;TODOS LOS CENTROS;Total;2014-2015;M;dist;176;
País Vasco;CENTROS PRIVADOS;Hombres;2017-2018;M;dist;0;
Galicia;TODOS LOS CENTROS;Hombres;2016-2017;B;pres;917;
Galicia;CENTROS PRIVADOS;Hombres;2012-2013;S;pres;474;
Canarias (ES);CENTROS PÚBLICOS;Hombres;2016-2017;B;pres;651;
Cataluña;CENTROS PRIVADOS;Total;2012-2013;M;dist;0;
Galicia;CENTROS PRIVADOS;Hombres;2016-2017;M;pres;422;
Cataluña;TODOS LOS CENTROS;Hombres;2016-2017;S;pres;9595;
País Vasco;CENTROS PRIVADOS;Hombres;2015-2016;M;dist;0;
País Vasco;CENTROS PRIVADOS;Hombres;2014-2015;M;pres;1035;
Comunidad de Madrid;CENTROS PÚBLICOS;Mujeres;2012-2013;S;dist;199;
Galicia;CENTROS PÚBLICOS;Mujeres;2014-2015;S;pres;2936;
País Vasco;CENTROS PÚBLICOS;Mujeres;2017-2018;M;pres;976;
Comunidad de Madrid;CENTROS PÚBLICOS;Hombres;2016-2017;S;dist;21;
País Vasco;TODOS LOS CENTROS;Hombres;2014-2015;M;pres;2767;
Canarias (ES);CENTROS PRIVADOS;Total;2013-2014;M;pres;360;
Comunidad de Madrid;TODOS LOS CENTROS;Hombres;2017-2018;S;pres;8701;
Cataluña;TODOS LOS CENTROS;Total;2011-2012;M;dist;367;
Galicia;TODOS LOS CENTROS;Total;2016-2017;B;pres;1268;
Cataluña;CENTROS PRIVADOS;Mujeres;2016-2017;M;dist;299;
Comunidad de Madrid;CENTROS PÚBLICOS;Total;2016-2017;B;pres;1126;
Comunidad de Madrid;CENTROS PRIVADOS;Mujeres;2015-2016;B;pres;189;
Canarias (ES);CENTROS PRIVADOS;Mujeres;2015-2016;M;dist;24;
Galicia;TODOS LOS CENTROS;Mujeres;2015-2016;S;dist;113;
Galicia;TODOS LOS CENTROS;Hombres;2015-2016;S;pres;3612;
Comunidad de Madrid;TODOS LOS CENTROS;Mujeres;2017-2018;M;pres;4555;
Cataluña;CENTROS PRIVADOS;Total;2017-2018;S;dist;1533;
Comunidad de Madrid;CENTROS PÚBLICOS;Mujeres;2017-2018;S;pres;4893;
Canarias (ES);CENTROS PÚBLICOS;Mujeres;2011-2012;S;pres;1984;
País Vasco;TODOS LOS CENTROS;Mujeres;2012-2013;S;pres;2943;
Galicia;TODOS LOS CENTROS;Mujeres;2017-2018;M;pres;2636;
Cataluña;TODOS LOS CENTROS;Hombres;2014-2015;S;dist;275;
Comunidad de Madrid;TODOS LOS CENTROS;Mujeres;2012-2013;S;dist;267;
País Vasco;CENTROS PRIVADOS;Total;2017-2018;S;dist;0;
Cataluña;CENTROS PRIVADOS;Total;2017-2018;B;pres;0;
Comunidad de Madrid;CENTROS PÚBLICOS;Total;2016-2017;M;dist;108;
Comunidad de Madrid;CENTROS PÚBLICOS;Mujeres;2012-2013;M;pres;2964;
Comunidad de Madrid;CENTROS PRIVADOS;Hombres;2014-2015;S;dist;90;
Comunidad de Madrid;CENTROS PRIVADOS;Mujeres;2016-2017;M;dist;104;
Comunidad de Madrid;CENTROS PRIVADOS;Total;2011-2012;S;dist;125;
Cataluña;CENTROS PÚBLICOS;Total;2015-2016;B;pres;0;
Canarias (ES);CENTROS PÚBLICOS;Hombres;2014-2015;M;dist;575;
Galicia;TODOS LOS CENTROS;Total;2015-2016;B;pres;723;
Cataluña;TODOS LOS CENTROS;Mujeres;2014-2015;S;dist;480;
Cataluña;CENTROS PÚBLICOS;Total;2011-2012;S;pres;12102;
Galicia;CENTROS PÚBLICOS;Hombres;2013-2014;M;dist;25;
Comunidad de Madrid;TODOS LOS CENTROS;Total;2011-2012;M;dist;128;
Canarias (ES);CENTROS PRIVADOS;Total;2016-2017;M;pres;325;
País Vasco;CENTROS PÚBLICOS;Total;2014-2015;M;dist;11;
Galicia;CENTROS PRIVADOS;Total;2012-2013;S;dist;0;
País Vasco;CENTROS PÚBLICOS;Hombres;2016-2017;M;pres;1799;
Comunidad de Madrid;CENTROS PÚBLICOS;Mujeres;2017-2018;M;pres;2703;
País Vasco;CENTROS PRIVADOS;Hombres;2016-2017;S;pres;2093;
Cataluña;CENTROS PÚBLICOS;Hombres;2014-2015;M;dist;68;
Galicia;CENTROS PÚBLICOS;Hombres;2011-2012;M;dist;0;
País Vasco;CENTROS PÚBLICOS;Mujeres;2014-2015;S;dist;25;
Cataluña;CENTROS PRIVADOS;Hombres;2011-2012;S;pres;2726;
Cataluña;CENTROS PRIVADOS;Hombres;2012-2013;S;pres;2920;
Galicia;CENTROS PRIVADOS;Total;2015-2016;B;pres;111;
Comunidad de Madrid;CENTROS PRIVADOS;Total;2013-2014;M;dist;0;
Galicia;TODOS LOS CENTROS;Mujeres;2014-2015;S;dist;49;
País Vasco;TODOS LOS CENTROS;Total;2012-2013;M;dist;0;
País Vasco;TODOS LOS CENTROS;Total;2014-2015;S;dist;29;
País Vasco;CENTROS PRIVADOS;Hombres;2014-2015;S;pres;1985;
País Vasco;CENTROS PÚBLICOS;Total;2011-2012;M;pres;2318;
Canarias (ES);CENTROS PÚBLICOS;Mujeres;2017-2018;M;pres;1509;
País Vasco;CENTROS PÚBLICOS;Total;2017-2018;M;pres;2772;
Galicia;TODOS LOS CENTROS;Total;2014-2015;S;dist;78;
Galicia;TODOS LOS CENTROS;Total;2011-2012;S;pres;5772;
Cataluña;CENTROS PÚBLICOS;Hombres;2016-2017;M;pres;5892;
Comunidad de Madrid;TODOS LOS CENTROS;Total;2016-2017;M;pres;9457;
Galicia;TODOS LOS CENTROS;Total;2016-2017;S;pres;6410;
Canarias (ES);CENTROS PÚBLICOS;Total;2012-2013;S;dist;550;
Canarias (ES);CENTROS PÚBLICOS;Mujeres;2011-2012;M;pres;1636;
Canarias (ES);CENTROS PRIVADOS;Total;2012-2013;S;pres;205;
Galicia;TODOS LOS CENTROS;Mujeres;2016-2017;M;dist;172;
Canarias (ES);CENTROS PRIVADOS;Hombres;2015-2016;M;pres;143;
Comunidad de Madrid;TODOS LOS CENTROS;Mujeres;2016-2017;S;dist;447;
País Vasco;CENTROS PRIVADOS;Total;2016-2017;B;pres;1025;
Cataluña;CENTROS PRIVADOS;Mujeres;2016-2017;M;pres;2020;
Canarias (ES);CENTROS PRIVADOS;Hombres;2012-2013;S;dist;1;
Canarias (ES);CENTROS PÚBLICOS;Mujeres;2011-2012;M;dist;395;
Cataluña;TODOS LOS CENTROS;Total;2016-2017;B;pres;0;
Galicia;CENTROS PRIVADOS;Hombres;2015-2016;M;pres;460;
Galicia;CENTROS PRIVADOS;Total;2011-2012;M;dist;0;
Galicia;TODOS LOS CENTROS;Mujeres;2017-2018;S;dist;108;
Cataluña;TODOS LOS CENTROS;Mujeres;2016-2017;S;pres;8929;
Galicia;CENTROS PRIVADOS;Mujeres;2015-2016;M;dist;0;
Canarias (ES);TODOS LOS CENTROS;Total;2011-2012;M;dist;482;
Cataluña;TODOS LOS CENTROS;Hombres;2012-2013;M;pres;8085;
Galicia;CENTROS PÚBLICOS;Mujeres;2016-2017;B;pres;268;
Comunidad de Madrid;CENTROS PÚBLICOS;Hombres;2016-2017;M;dist;17;
Galicia;TODOS LOS CENTROS;Total;2016-2017;M;dist;238;
País Vasco;TODOS LOS CENTROS;Total;2016-2017;M;pres;4756;
País Vasco;TODOS LOS CENTROS;Hombres;2012-2013;M;dist;0;
Galicia;CENTROS PRIVADOS;Hombres;2013-2014;S;pres;444;
Galicia;CENTROS PÚBLICOS;Hombres;2014-2015;S;pres;3087;
Comunidad de Madrid;CENTROS PRIVADOS;Mujeres;2012-2013;M;pres;1009;
Comunidad de Madrid;TODOS LOS CENTROS;Hombres;2015-2016;M;pres;4997;
País Vasco;CENTROS PRIVADOS;Mujeres;2014-2015;M;dist;0;
Cataluña;TODOS LOS CENTROS;Total;2016-2017;S;pres;18524;
Galicia;CENTROS PRIVADOS;Mujeres;2014-2015;M;dist;0;
Galicia;TODOS LOS CENTROS;Hombres;2014-2015;S;pres;3593;
Cataluña;TODOS LOS CENTROS;Hombres;2013-2014;S;dist;325;
Cataluña;TODOS LOS CENTROS;Total;2015-2016;S;pres;16989;
Galicia;CENTROS PÚBLICOS;Total;2012-2013;M;pres;4172;
País Vasco;CENTROS PÚBLICOS;Total;2015-2016;B;pres;329;
Canarias (ES);CENTROS PRIVADOS;Hombres;2014-2015;S;dist;42;
País Vasco;CENTROS PÚBLICOS;Total;2015-2016;M;pres;2711;
Cataluña;TODOS LOS CENTROS;Mujeres;2015-2016;B;pres;0;
Comunidad de Madrid;CENTROS PÚBLICOS;Mujeres;2012-2013;S;pres;4844;
Comunidad de Madrid;TODOS LOS CENTROS;Total;2013-2014;M;dist;8;
Galicia;CENTROS PRIVADOS;Total;2017-2018;M;pres;1265;
Comunidad de Madrid;TODOS LOS CENTROS;Total;2016-2017;S;pres;13054;
Comunidad de Madrid;CENTROS PRIVADOS;Total;2016-2017;M;pres;3590;
País Vasco;CENTROS PÚBLICOS;Mujeres;2011-2012;M;pres;923;
Comunidad de Madrid;TODOS LOS CENTROS;Mujeres;2016-2017;M;dist;195;
Cataluña;TODOS LOS CENTROS;Total;2014-2015;M;pres;15988;
Cataluña;TODOS LOS CENTROS;Total;2012-2013;S;pres;18452;
País Vasco;CENTROS PRIVADOS;Total;2016-2017;M;pres;1927;
Canarias (ES);CENTROS PÚBLICOS;Total;2017-2018;M;dist;1061;
País Vasco;CENTROS PRIVADOS;Mujeres;2011-2012;S;dist;0;
Canarias (ES);CENTROS PRIVADOS;Mujeres;2016-2017;M;pres;161;
Canarias (ES);TODOS LOS CENTROS;Mujeres;2014-2015;S;pres;2604;
Canarias (ES);CENTROS PRIVADOS;Hombres;2017-2018;M;dist;40;
Galicia;TODOS LOS CENTROS;Total;2017-2018;S;dist;196;
Galicia;TODOS LOS CENTROS;Mujeres;2013-2014;S;dist;35;
País Vasco;CENTROS PRIVADOS;Total;2015-2016;B;pres;815;
Cataluña;TODOS LOS CENTROS;Mujeres;2012-2013;M;pres;7569;
Canarias (ES);CENTROS PÚBLICOS;Mujeres;2016-2017;B;pres;211;
Comunidad de Madrid;CENTROS PRIVADOS;Hombres;2016-2017;M;dist;170;
Comunidad de Madrid;CENTROS PRIVADOS;Total;2012-2013;M;pres;2473;
Galicia;CENTROS PÚBLICOS;Total;2014-2015;S;pres;6023;
Canarias (ES);CENTROS PRIVADOS;Hombres;2012-2013;S;pres;94;
Galicia;CENTROS PÚBLICOS;Mujeres;2016-2017;M;dist;172;
País Vasco;CENTROS PRIVADOS;Total;2017-2018;S;pres;3878;
Galicia;CENTROS PÚBLICOS;Mujeres;2014-2015;M;dist;95;
País Vasco;TODOS LOS CENTROS;Total;2014-2015;M;dist;11;
Canarias (ES);TODOS LOS CENTROS;Hombres;2013-2014;M;pres;2200;
Cataluña;CENTROS PÚBLICOS;Hombres;2015-2016;M;dist;73;
Galicia;CENTROS PÚBLICOS;Hombres;2014-2015;M;pres;2870;
Galicia;TODOS LOS CENTROS;Hombres;2017-2018;M;pres;2913;
Canarias (ES);TODOS LOS CENTROS;Total;2012-2013;M;pres;3739;
Comunidad de Madrid;CENTROS PÚBLICOS;Hombres;2011-2012;S;dist;30;
Canarias (ES);TODOS LOS CENTROS;Mujeres;2016-2017;S;dist;878;
Canarias (ES);TODOS LOS CENTROS;Hombres;2011-2012;S;pres;1631;
Canarias (ES);CENTROS PRIVADOS;Total;2017-2018;S;dist;208;
País Vasco;TODOS LOS CENTROS;Mujeres;2015-2016;M;dist;18;
Galicia;TODOS LOS CENTROS;Mujeres;2013-2014;S;pres;3485;
Comunidad de Madrid;CENTROS PRIVADOS;Mujeres;2011-2012;M;pres;1701;
Galicia;CENTROS PRIVADOS;Mujeres;2013-2014;M;pres;775;
Galicia;CENTROS PÚBLICOS;Hombres;2012-2013;M;dist;0;
Comunidad de Madrid;CENTROS PÚBLICOS;Mujeres;2014-2015;S;pres;5378;
Galicia;CENTROS PÚBLICOS;Hombres;2013-2014;M;pres;2624;
Canarias (ES);CENTROS PÚBLICOS;Total;2011-2012;M;pres;3483;
Canarias (ES);CENTROS PRIVADOS;Mujeres;2012-2013;S;pres;111;
Galicia;TODOS LOS CENTROS;Hombres;2017-2018;M;dist;58;
Comunidad de Madrid;CENTROS PRIVADOS;Mujeres;2015-2016;S;dist;99;
Galicia;CENTROS PÚBLICOS;Mujeres;2012-2013;M;dist;0;
Galicia;TODOS LOS CENTROS;Hombres;2012-2013;S;dist;1;
Galicia;CENTROS PÚBLICOS;Total;2012-2013;S;dist;12;
Comunidad de Madrid;CENTROS PRIVADOS;Total;2016-2017;B;pres;696;
Canarias (ES);CENTROS PRIVADOS;Total;2017-2018;M;pres;341;
Cataluña;CENTROS PRIVADOS;Hombres;2011-2012;S;dist;0;
Cataluña;CENTROS PRIVADOS;Total;2015-2016;B;pres;0;
Comunidad de Madrid;TODOS LOS CENTROS;Mujeres;2016-2017;M;pres;4569;
Canarias (ES);CENTROS PRIVADOS;Mujeres;2013-2014;S;dist;80;
Canarias (ES);CENTROS PRIVADOS;Total;2014-2015;S;dist;155;
Canarias (ES);CENTROS PRIVADOS;Hombres;2011-2012;S;pres;70;
País Vasco;CENTROS PÚBLICOS;Hombres;2014-2015;M;pres;1732;
Canarias (ES);TODOS LOS CENTROS;Mujeres;2017-2018;M;dist;786;
País Vasco;CENTROS PRIVADOS;Hombres;2015-2016;S;dist;0;
Canarias (ES);CENTROS PRIVADOS;Mujeres;2015-2016;M;pres;117;
Galicia;CENTROS PRIVADOS;Hombres;2016-2017;M;dist;0;
Canarias (ES);CENTROS PÚBLICOS;Hombres;2015-2016;M;pres;2055;
Cataluña;CENTROS PRIVADOS;Hombres;2014-2015;S;dist;124;
Galicia;CENTROS PRIVADOS;Mujeres;2013-2014;M;dist;0;
Cataluña;TODOS LOS CENTROS;Hombres;2017-2018;B;pres;0;
Canarias (ES);CENTROS PÚBLICOS;Hombres;2016-2017;S;dist;268;
Canarias (ES);CENTROS PÚBLICOS;Mujeres;2017-2018;S;dist;759;
Canarias (ES);CENTROS PRIVADOS;Hombres;2016-2017;S;dist;59;
País Vasco;TODOS LOS CENTROS;Total;2011-2012;S;dist;0;
Galicia;TODOS LOS CENTROS;Mujeres;2016-2017;S;pres;3169;
Canarias (ES);CENTROS PÚBLICOS;Total;2012-2013;M;dist;493;
Cataluña;TODOS LOS CENTROS;Hombres;2014-2015;M;pres;8461;
Galicia;TODOS LOS CENTROS;Total;2017-2018;M;dist;215;
Galicia;TODOS LOS CENTROS;Hombres;2012-2013;M;pres;2779;
País Vasco;CENTROS PRIVADOS;Total;2011-2012;S;dist;0;
Cataluña;TODOS LOS CENTROS;Mujeres;2015-2016;M;dist;350;
Cataluña;CENTROS PÚBLICOS;Total;2012-2013;M;pres;11356;
Galicia;TODOS LOS CENTROS;Mujeres;2014-2015;S;pres;3723;
Galicia;CENTROS PRIVADOS;Hombres;2014-2015;S;pres;506;
País Vasco;CENTROS PRIVADOS;Mujeres;2016-2017;M;dist;0;
Canarias (ES);CENTROS PRIVADOS;Mujeres;2015-2016;S;pres;203;
Galicia;CENTROS PÚBLICOS;Hombres;2016-2017;S;pres;2707;
País Vasco;CENTROS PÚBLICOS;Hombres;2015-2016;B;pres;225;
Comunidad de Madrid;CENTROS PÚBLICOS;Hombres;2014-2015;M;pres;3159;
Comunidad de Madrid;CENTROS PRIVADOS;Hombres;2014-2015;M;dist;102;
Comunidad de Madrid;TODOS LOS CENTROS;Hombres;2012-2013;S;dist;101;
Cataluña;CENTROS PRIVADOS;Hombres;2017-2018;S;pres;3800;
Canarias (ES);CENTROS PÚBLICOS;Mujeres;2016-2017;M;dist;795;
Galicia;CENTROS PRIVADOS;Mujeres;2014-2015;S;pres;787;
Canarias (ES);CENTROS PRIVADOS;Mujeres;2014-2015;S;pres;159;
Canarias (ES);TODOS LOS CENTROS;Total;2013-2014;M;pres;3920;
Cataluña;CENTROS PÚBLICOS;Hombres;2016-2017;S;dist;193;
Galicia;CENTROS PÚBLICOS;Mujeres;2011-2012;M;dist;0;
Cataluña;CENTROS PÚBLICOS;Mujeres;2016-2017;S;pres;6056;
País Vasco;CENTROS PRIVADOS;Total;2014-2015;M;pres;1880;
Comunidad de Madrid;CENTROS PÚBLICOS;Mujeres;2013-2014;M;dist;6;
Cataluña;CENTROS PRIVADOS;Hombres;2013-2014;S;pres;3034;
Comunidad de Madrid;TODOS LOS CENTROS;Hombres;2011-2012;S;dist;100;
Canarias (ES);CENTROS PRIVADOS;Mujeres;2011-2012;S;pres;84;
Comunidad de Madrid;CENTROS PRIVADOS;Mujeres;2013-2014;S;pres;2146;
Galicia;CENTROS PÚBLICOS;Total;2011-2012;S;pres;4720;
Galicia;CENTROS PÚBLICOS;Hombres;2015-2016;B;pres;458;
Cataluña;TODOS LOS CENTROS;Mujeres;2011-2012;S;dist;712;
País Vasco;TODOS LOS CENTROS;Hombres;2015-2016;M;dist;25;
País Vasco;CENTROS PÚBLICOS;Total;2012-2013;M;dist;0;
Comunidad de Madrid;TODOS LOS CENTROS;Hombres;2011-2012;M;dist;32;
País Vasco;TODOS LOS CENTROS;Total;2015-2016;S;dist;51;
Galicia;CENTROS PRIVADOS;Hombres;2012-2013;M;pres;442;
Comunidad de Madrid;CENTROS PÚBLICOS;Hombres;2016-2017;S;pres;4605;
País Vasco;CENTROS PRIVADOS;Hombres;2015-2016;B;pres;572;
Canarias (ES);CENTROS PRIVADOS;Total;2016-2017;S;pres;494;
Cataluña;CENTROS PÚBLICOS;Hombres;2017-2018;S;dist;157;
Canarias (ES);CENTROS PRIVADOS;Total;2016-2017;M;dist;66;
Galicia;CENTROS PÚBLICOS;Total;2014-2015;M;dist;142;
Comunidad de Madrid;CENTROS PRIVADOS;Mujeres;2011-2012;M;dist;0;
Canarias (ES);CENTROS PÚBLICOS;Mujeres;2012-2013;S;pres;2008;
Cataluña;CENTROS PRIVADOS;Total;2016-2017;M;pres;4824;
Canarias (ES);TODOS LOS CENTROS;Mujeres;2012-2013;S;dist;396;
Comunidad de Madrid;CENTROS PÚBLICOS;Hombres;2012-2013;M;dist;15;
Galicia;TODOS LOS CENTROS;Hombres;2013-2014;M;dist;25;
País Vasco;CENTROS PÚBLICOS;Mujeres;2015-2016;B;pres;104;
Comunidad de Madrid;CENTROS PRIVADOS;Total;2015-2016;S;dist;133;
País Vasco;CENTROS PÚBLICOS;Mujeres;2017-2018;B;pres;103;
Cataluña;CENTROS PÚBLICOS;Hombres;2017-2018;M;dist;77;
Comunidad de Madrid;TODOS LOS CENTROS;Hombres;2016-2017;M;dist;187;
Canarias (ES);CENTROS PRIVADOS;Mujeres;2013-2014;S;pres;216;
Canarias (ES);CENTROS PÚBLICOS;Mujeres;2012-2013;M;pres;1633;
Canarias (ES);CENTROS PÚBLICOS;Mujeres;2013-2014;M;dist;752;
Galicia;CENTROS PÚBLICOS;Total;2016-2017;S;dist;186;
Canarias (ES);CENTROS PRIVADOS;Mujeres;2011-2012;S;dist;16;
Galicia;TODOS LOS CENTROS;Hombres;2011-2012;M;pres;2560;
Canarias (ES);CENTROS PRIVADOS;Hombres;2011-2012;M;dist;0;
Comunidad de Madrid;CENTROS PRIVADOS;Hombres;2013-2014;M;dist;0;
Comunidad de Madrid;CENTROS PRIVADOS;Hombres;2015-2016;S;pres;2190;
Canarias (ES);TODOS LOS CENTROS;Hombres;2017-2018;M;pres;2124;
Cataluña;CENTROS PÚBLICOS;Mujeres;2011-2012;S;pres;6463;
Cataluña;CENTROS PÚBLICOS;Hombres;2017-2018;B;pres;0;
Canarias (ES);CENTROS PÚBLICOS;Hombres;2015-2016;S;pres;2378;
Cataluña;CENTROS PRIVADOS;Hombres;2013-2014;S;dist;0;
Galicia;TODOS LOS CENTROS;Total;2012-2013;M;pres;5485;
Comunidad de Madrid;TODOS LOS CENTROS;Mujeres;2015-2016;M;pres;4684;
País Vasco;CENTROS PÚBLICOS;Total;2016-2017;S;dist;55;
Galicia;CENTROS PÚBLICOS;Hombres;2015-2016;S;dist;80;
Comunidad de Madrid;CENTROS PÚBLICOS;Total;2012-2013;S;dist;226;
Comunidad de Madrid;TODOS LOS CENTROS;Hombres;2015-2016;S;pres;7238;
Galicia;TODOS LOS CENTROS;Mujeres;2012-2013;S;pres;3722;
Cataluña;CENTROS PRIVADOS;Mujeres;2015-2016;S;dist;346;
Cataluña;CENTROS PRIVADOS;Total;2016-2017;S;dist;780;
País Vasco;TODOS LOS CENTROS;Hombres;2017-2018;M;dist;40;
País Vasco;CENTROS PRIVADOS;Mujeres;2011-2012;M;pres;794;
País Vasco;CENTROS PRIVADOS;Total;2017-2018;M;pres;2038;
Cataluña;CENTROS PÚBLICOS;Mujeres;2017-2018;S;pres;6100;
Canarias (ES);CENTROS PÚBLICOS;Hombres;2013-2014;S;pres;1849;
Canarias (ES);TODOS LOS CENTROS;Total;2017-2018;M;dist;1128;
Cataluña;CENTROS PÚBLICOS;Mujeres;2015-2016;S;dist;413;
Cataluña;TODOS LOS CENTROS;Hombres;2014-2015;S;pres;9691;
Comunidad de Madrid;CENTROS PÚBLICOS;Total;2015-2016;S;dist;378;
Galicia;CENTROS PRIVADOS;Total;2014-2015;M;pres;1353;
País Vasco;CENTROS PRIVADOS;Hombres;2012-2013;S;pres;1786;
Cataluña;TODOS LOS CENTROS;Mujeres;2016-2017;M;pres;7657;
Canarias (ES);CENTROS PRIVADOS;Hombres;2011-2012;M;pres;72;
Cataluña;CENTROS PÚBLICOS;Hombres;2013-2014;S;dist;325;
País Vasco;CENTROS PÚBLICOS;Hombres;2011-2012;S;dist;0;
País Vasco;CENTROS PÚBLICOS;Mujeres;2016-2017;M;dist;33;
Canarias (ES);TODOS LOS CENTROS;Mujeres;2017-2018;B;pres;313;
Comunidad de Madrid;TODOS LOS CENTROS;Mujeres;2013-2014;S;dist;328;
Galicia;TODOS LOS CENTROS;Hombres;2013-2014;M;pres;3054;
Cataluña;CENTROS PRIVADOS;Mujeres;2017-2018;M;pres;2093;
Galicia;TODOS LOS CENTROS;Total;2016-2017;S;dist;186;
Galicia;TODOS LOS CENTROS;Mujeres;2015-2016;M;pres;2748;
Comunidad de Madrid;TODOS LOS CENTROS;Hombres;2013-2014;M;pres;4936;
Comunidad de Madrid;CENTROS PRIVADOS;Mujeres;2011-2012;S;dist;55;
Galicia;TODOS LOS CENTROS;Mujeres;2015-2016;B;pres;195;
Comunidad de Madrid;CENTROS PRIVADOS;Hombres;2012-2013;M;dist;0;
Galicia;CENTROS PRIVADOS;Mujeres;2013-2014;S;pres;760;
Comunidad de Madrid;CENTROS PRIVADOS;Mujeres;2017-2018;M;dist;118;
País Vasco;CENTROS PRIVADOS;Mujeres;2015-2016;B;pres;243;
Canarias (ES);TODOS LOS CENTROS;Mujeres;2014-2015;S;dist;840;
Comunidad de Madrid;CENTROS PRIVADOS;Total;2015-2016;M;pres;3463;
Galicia;TODOS LOS CENTROS;Total;2011-2012;M;dist;0;
Canarias (ES);CENTROS PRIVADOS;Mujeres;2011-2012;M;pres;143;
Galicia;CENTROS PÚBLICOS;Total;2016-2017;S;pres;5213;
País Vasco;CENTROS PÚBLICOS;Hombres;2017-2018;M;pres;1796;
Galicia;TODOS LOS CENTROS;Hombres;2016-2017;M;dist;66;
Canarias (ES);TODOS LOS CENTROS;Hombres;2012-2013;M;dist;122;
Canarias (ES);CENTROS PÚBLICOS;Total;2011-2012;S;dist;377;
País Vasco;TODOS LOS CENTROS;Mujeres;2015-2016;B;pres;347;
Canarias (ES);TODOS LOS CENTROS;Hombres;2013-2014;S;dist;243;
País Vasco;CENTROS PÚBLICOS;Hombres;2012-2013;M;pres;1496;
Galicia;CENTROS PÚBLICOS;Hombres;2015-2016;M;pres;2833;
Canarias (ES);TODOS LOS CENTROS;Total;2013-2014;S;pres;4320;
Cataluña;CENTROS PRIVADOS;Mujeres;2017-2018;S;dist;1151;
País Vasco;CENTROS PRIVADOS;Total;2011-2012;M;dist;0;
Canarias (ES);CENTROS PRIVADOS;Mujeres;2014-2015;M;pres;160;
Canarias (ES);TODOS LOS CENTROS;Mujeres;2013-2014;M;pres;1720;
Cataluña;CENTROS PRIVADOS;Total;2014-2015;M;pres;4289;
País Vasco;TODOS LOS CENTROS;Total;2014-2015;S;pres;7479;
Canarias (ES);CENTROS PRIVADOS;Hombres;2013-2014;S;dist;27;
Canarias (ES);CENTROS PÚBLICOS;Mujeres;2015-2016;M;pres;1697;
Canarias (ES);CENTROS PÚBLICOS;Total;2014-2015;S;pres;4770;
Canarias (ES);TODOS LOS CENTROS;Hombres;2015-2016;M;pres;2198;
Comunidad de Madrid;CENTROS PRIVADOS;Hombres;2014-2015;S;pres;2020;
Comunidad de Madrid;CENTROS PÚBLICOS;Hombres;2011-2012;S;pres;4285;
Canarias (ES);CENTROS PÚBLICOS;Mujeres;2012-2013;M;dist;372;
Cataluña;CENTROS PRIVADOS;Hombres;2014-2015;M;dist;17;
Comunidad de Madrid;CENTROS PRIVADOS;Total;2013-2014;M;pres;3247;
Cataluña;CENTROS PRIVADOS;Mujeres;2016-2017;S;dist;519;
Galicia;CENTROS PÚBLICOS;Mujeres;2013-2014;S;dist;35;
País Vasco;TODOS LOS CENTROS;Mujeres;2017-2018;M;pres;1810;
Comunidad de Madrid;CENTROS PRIVADOS;Hombres;2012-2013;S;dist;74;
Galicia;CENTROS PÚBLICOS;Total;2012-2013;M;dist;0;
País Vasco;TODOS LOS CENTROS;Total;2017-2018;S;dist;50;
Canarias (ES);CENTROS PRIVADOS;Total;2012-2013;S;dist;10;
Galicia;CENTROS PRIVADOS;Mujeres;2012-2013;S;dist;0;
Galicia;CENTROS PRIVADOS;Hombres;2017-2018;M;dist;0;
Cataluña;CENTROS PRIVADOS;Hombres;2017-2018;B;pres;0;
País Vasco;CENTROS PÚBLICOS;Hombres;2012-2013;S;dist;0;
Cataluña;CENTROS PÚBLICOS;Hombres;2014-2015;S;dist;151;
País Vasco;TODOS LOS CENTROS;Hombres;2016-2017;M;pres;2922;
Canarias (ES);TODOS LOS CENTROS;Total;2015-2016;M;dist;1256;
Cataluña;CENTROS PRIVADOS;Mujeres;2014-2015;M;dist;57;
País Vasco;TODOS LOS CENTROS;Hombres;2017-2018;B;pres;1042;
Galicia;CENTROS PRIVADOS;Hombres;2015-2016;M;dist;0;
País Vasco;CENTROS PRIVADOS;Total;2016-2017;S;pres;3533;
País Vasco;CENTROS PÚBLICOS;Total;2016-2017;M;pres;2829;
Comunidad de Madrid;TODOS LOS CENTROS;Total;2015-2016;B;pres;1339;
Cataluña;CENTROS PÚBLICOS;Mujeres;2015-2016;M;pres;5326;
Cataluña;CENTROS PÚBLICOS;Total;2013-2014;S;dist;1355;
Canarias (ES);CENTROS PRIVADOS;Hombres;2012-2013;M;pres;117;
Cataluña;TODOS LOS CENTROS;Hombres;2015-2016;M;pres;8461;
Comunidad de Madrid;TODOS LOS CENTROS;Hombres;2011-2012;S;pres;6155;
Comunidad de Madrid;CENTROS PÚBLICOS;Mujeres;2017-2018;B;pres;455;
Cataluña;CENTROS PRIVADOS;Total;2016-2017;S;pres;6129;
Comunidad de Madrid;CENTROS PÚBLICOS;Hombres;2014-2015;S;pres;5345;
Comunidad de Madrid;CENTROS PRIVADOS;Mujeres;2012-2013;S;dist;68;
Canarias (ES);CENTROS PÚBLICOS;Total;2014-2015;M;pres;3805;
Comunidad de Madrid;TODOS LOS CENTROS;Mujeres;2012-2013;M;pres;3973;
País Vasco;CENTROS PRIVADOS;Mujeres;2016-2017;S;dist;0;
Canarias (ES);CENTROS PRIVADOS;Total;2015-2016;S;dist;128;
Galicia;CENTROS PÚBLICOS;Hombres;2014-2015;M;dist;47;
Canarias (ES);TODOS LOS CENTROS;Mujeres;2011-2012;S;pres;2068;
Comunidad de Madrid;TODOS LOS CENTROS;Total;2016-2017;M;dist;382;
País Vasco;CENTROS PÚBLICOS;Total;2014-2015;S;pres;4017;
Comunidad de Madrid;TODOS LOS CENTROS;Mujeres;2015-2016;S;dist;401;
Comunidad de Madrid;CENTROS PRIVADOS;Hombres;2017-2018;S;dist;317;
Galicia;TODOS LOS CENTROS;Hombres;2015-2016;M;pres;3293;
País Vasco;TODOS LOS CENTROS;Mujeres;2012-2013;M;pres;1649;
Canarias (ES);CENTROS PÚBLICOS;Total;2016-2017;S;pres;4610;
Comunidad de Madrid;CENTROS PÚBLICOS;Mujeres;2015-2016;M;pres;3009;
Comunidad de Madrid;CENTROS PRIVADOS;Total;2016-2017;S;dist;317;
Canarias (ES);CENTROS PRIVADOS;Total;2013-2014;S;pres;404;
Cataluña;CENTROS PRIVADOS;Total;2017-2018;S;pres;7006;
Comunidad de Madrid;CENTROS PRIVADOS;Hombres;2017-2018;B;pres;610;
País Vasco;CENTROS PRIVADOS;Total;2011-2012;S;pres;3307;
Canarias (ES);CENTROS PÚBLICOS;Hombres;2011-2012;S;pres;1561;
Canarias (ES);TODOS LOS CENTROS;Hombres;2012-2013;M;pres;1976;
Comunidad de Madrid;CENTROS PÚBLICOS;Total;2017-2018;B;pres;1245;
Cataluña;CENTROS PRIVADOS;Hombres;2016-2017;S;pres;3256;
País Vasco;CENTROS PRIVADOS;Total;2014-2015;S;dist;0;
Galicia;CENTROS PÚBLICOS;Mujeres;2016-2017;S;dist;100;
Canarias (ES);CENTROS PRIVADOS;Total;2011-2012;M;pres;215;
Canarias (ES);TODOS LOS CENTROS;Total;2014-2015;M;dist;1633;
Canarias (ES);CENTROS PÚBLICOS;Total;2013-2014;S;dist;621;
Comunidad de Madrid;CENTROS PÚBLICOS;Hombres;2017-2018;S;pres;5118;
País Vasco;CENTROS PRIVADOS;Hombres;2012-2013;M;pres;897;
Galicia;TODOS LOS CENTROS;Mujeres;2014-2015;M;pres;2972;
Comunidad de Madrid;TODOS LOS CENTROS;Hombres;2014-2015;S;pres;7365;
Cataluña;CENTROS PÚBLICOS;Mujeres;2017-2018;S;dist;351;
Galicia;CENTROS PRIVADOS;Hombres;2011-2012;S;pres;397;
Cataluña;TODOS LOS CENTROS;Hombres;2015-2016;S;pres;9039;
Galicia;CENTROS PRIVADOS;Total;2014-2015;M;dist;0;
Comunidad de Madrid;CENTROS PRIVADOS;Mujeres;2014-2015;M;dist;29;
Canarias (ES);CENTROS PRIVADOS;Hombres;2015-2016;S;pres;181;
Cataluña;TODOS LOS CENTROS;Total;2015-2016;M;dist;474;
País Vasco;CENTROS PRIVADOS;Hombres;2011-2012;M;pres;842;
Comunidad de Madrid;CENTROS PÚBLICOS;Total;2017-2018;M;pres;5697;
Comunidad de Madrid;CENTROS PÚBLICOS;Hombres;2012-2013;S;dist;27;
Canarias (ES);CENTROS PÚBLICOS;Mujeres;2016-2017;S;pres;2338;
Comunidad de Madrid;CENTROS PRIVADOS;Hombres;2016-2017;B;pres;449;
Cataluña;TODOS LOS CENTROS;Mujeres;2015-2016;M;pres;7169;
País Vasco;CENTROS PÚBLICOS;Total;2016-2017;M;dist;67;
Canarias (ES);CENTROS PÚBLICOS;Total;2017-2018;S;dist;1024;
Canarias (ES);CENTROS PRIVADOS;Total;2012-2013;M;pres;247;
Galicia;CENTROS PÚBLICOS;Total;2017-2018;S;pres;5787;
Cataluña;CENTROS PÚBLICOS;Mujeres;2011-2012;M;dist;277;
Canarias (ES);CENTROS PÚBLICOS;Total;2015-2016;S;pres;4827;
País Vasco;CENTROS PÚBLICOS;Total;2017-2018;B;pres;379;
Canarias (ES);CENTROS PÚBLICOS;Mujeres;2012-2013;S;dist;387;
Canarias (ES);TODOS LOS CENTROS;Mujeres;2011-2012;M;dist;395;
País Vasco;CENTROS PRIVADOS;Total;2015-2016;M;pres;1847;
Comunidad de Madrid;CENTROS PÚBLICOS;Total;2013-2014;S;pres;9908;
Cataluña;CENTROS PRIVADOS;Hombres;2011-2012;M;dist;0;
Cataluña;CENTROS PRIVADOS;Hombres;2011-2012;M;pres;2288;
Galicia;CENTROS PRIVADOS;Total;2013-2014;M;pres;1205;
Cataluña;CENTROS PÚBLICOS;Total;2013-2014;S;pres;12648;
Cataluña;CENTROS PÚBLICOS;Total;2016-2017;M;pres;11529;
Comunidad de Madrid;CENTROS PÚBLICOS;Total;2012-2013;S;pres;9333;
Galicia;CENTROS PRIVADOS;Mujeres;2015-2016;S;pres;757;
Canarias (ES);CENTROS PRIVADOS;Total;2017-2018;M;dist;67;
Cataluña;CENTROS PRIVADOS;Total;2013-2014;S;dist;0;
Canarias (ES);TODOS LOS CENTROS;Hombres;2013-2014;S;pres;2037;
Comunidad de Madrid;CENTROS PRIVADOS;Mujeres;2012-2013;M;dist;0;
Cataluña;TODOS LOS CENTROS;Mujeres;2017-2018;B;pres;0;
Galicia;CENTROS PÚBLICOS;Mujeres;2011-2012;S;pres;2432;
Cataluña;CENTROS PÚBLICOS;Hombres;2014-2015;S;pres;6372;
País Vasco;CENTROS PÚBLICOS;Mujeres;2012-2013;M;dist;0;
Canarias (ES);CENTROS PRIVADOS;Hombres;2014-2015;M;pres;160;
Canarias (ES);CENTROS PÚBLICOS;Total;2012-2013;S;pres;3586;
Canarias (ES);CENTROS PÚBLICOS;Mujeres;2013-2014;S;pres;2067;
País Vasco;CENTROS PRIVADOS;Hombres;2014-2015;S;dist;0;
Galicia;TODOS LOS CENTROS;Mujeres;2016-2017;S;dist;100;
Galicia;CENTROS PÚBLICOS;Mujeres;2017-2018;M;dist;157;
País Vasco;CENTROS PRIVADOS;Mujeres;2017-2018;S;dist;0;
Canarias (ES);TODOS LOS CENTROS;Hombres;2016-2017;S;pres;2519;
País Vasco;CENTROS PRIVADOS;Mujeres;2015-2016;S;dist;0;
Galicia;CENTROS PÚBLICOS;Mujeres;2017-2018;B;pres;293;
Comunidad de Madrid;TODOS LOS CENTROS;Hombres;2017-2018;M;pres;5108;
Comunidad de Madrid;TODOS LOS CENTROS;Mujeres;2015-2016;S;pres;6606;
País Vasco;TODOS LOS CENTROS;Total;2015-2016;S;pres;7079;
País Vasco;CENTROS PRIVADOS;Mujeres;2014-2015;M;pres;845;
Canarias (ES);CENTROS PÚBLICOS;Hombres;2017-2018;S;dist;265;
Canarias (ES);TODOS LOS CENTROS;Mujeres;2014-2015;M;dist;1054;
Canarias (ES);CENTROS PRIVADOS;Mujeres;2017-2018;M;pres;175;
Comunidad de Madrid;CENTROS PÚBLICOS;Total;2012-2013;M;pres;5741;
Canarias (ES);TODOS LOS CENTROS;Hombres;2015-2016;S;dist;375;
Cataluña;CENTROS PRIVADOS;Hombres;2016-2017;B;pres;0;
Canarias (ES);CENTROS PÚBLICOS;Total;2011-2012;M;dist;482;
Cataluña;CENTROS PÚBLICOS;Hombres;2013-2014;S;pres;6206;
País Vasco;CENTROS PRIVADOS;Total;2015-2016;S;pres;3340;
Comunidad de Madrid;TODOS LOS CENTROS;Total;2012-2013;S;pres;13072;
País Vasco;CENTROS PÚBLICOS;Hombres;2011-2012;M;pres;1395;
Canarias (ES);CENTROS PÚBLICOS;Total;2012-2013;M;pres;3492;
Galicia;TODOS LOS CENTROS;Total;2014-2015;M;pres;6330;
Cataluña;CENTROS PÚBLICOS;Hombres;2015-2016;S;pres;6051;
País Vasco;TODOS LOS CENTROS;Total;2012-2013;M;pres;4042;
Cataluña;CENTROS PÚBLICOS;Total;2017-2018;S;dist;508;
País Vasco;CENTROS PÚBLICOS;Hombres;2015-2016;S;pres;2201;
Cataluña;CENTROS PRIVADOS;Total;2016-2017;M;dist;391;
Comunidad de Madrid;CENTROS PRIVADOS;Mujeres;2013-2014;M;dist;0;
Comunidad de Madrid;CENTROS PÚBLICOS;Hombres;2013-2014;M;dist;2;
Comunidad de Madrid;CENTROS PRIVADOS;Mujeres;2012-2013;S;pres;1873;
Canarias (ES);CENTROS PRIVADOS;Hombres;2015-2016;M;dist;105;
País Vasco;TODOS LOS CENTROS;Hombres;2016-2017;S;pres;4277;
Comunidad de Madrid;TODOS LOS CENTROS;Total;2015-2016;S;dist;511;
Canarias (ES);TODOS LOS CENTROS;Hombres;2015-2016;B;pres;492;
Galicia;CENTROS PÚBLICOS;Mujeres;2014-2015;S;dist;49;
Galicia;CENTROS PRIVADOS;Total;2013-2014;S;dist;0;
Galicia;CENTROS PRIVADOS;Hombres;2012-2013;M;dist;0;
País Vasco;CENTROS PÚBLICOS;Mujeres;2014-2015;M;pres;966;
Canarias (ES);TODOS LOS CENTROS;Hombres;2012-2013;S;pres;1672;
Cataluña;CENTROS PRIVADOS;Hombres;2016-2017;M;dist;92;
Canarias (ES);CENTROS PRIVADOS;Mujeres;2012-2013;S;dist;9;
País Vasco;CENTROS PÚBLICOS;Total;2011-2012;M;dist;0;
Comunidad de Madrid;TODOS LOS CENTROS;Mujeres;2014-2015;S;dist;340;
Comunidad de Madrid;CENTROS PÚBLICOS;Total;2017-2018;M;dist;89;
Galicia;CENTROS PÚBLICOS;Mujeres;2016-2017;M;pres;1806;
Galicia;CENTROS PRIVADOS;Hombres;2014-2015;M;dist;0;
Canarias (ES);CENTROS PÚBLICOS;Mujeres;2016-2017;S;dist;699;
Cataluña;TODOS LOS CENTROS;Total;2011-2012;S;pres;17731;
Cataluña;TODOS LOS CENTROS;Total;2013-2014;S;dist;1355;
Comunidad de Madrid;TODOS LOS CENTROS;Mujeres;2015-2016;M;dist;137;
Cataluña;CENTROS PÚBLICOS;Total;2015-2016;S;dist;566;
Comunidad de Madrid;TODOS LOS CENTROS;Mujeres;2011-2012;S;dist;146;
Comunidad de Madrid;CENTROS PÚBLICOS;Total;2011-2012;M;dist;128;
Canarias (ES);CENTROS PRIVADOS;Hombres;2014-2015;S;pres;203;
Cataluña;CENTROS PÚBLICOS;Total;2017-2018;S;pres;12237;
País Vasco;CENTROS PÚBLICOS;Total;2011-2012;S;dist;0;
País Vasco;CENTROS PRIVADOS;Hombres;2012-2013;S;dist;0;
País Vasco;CENTROS PÚBLICOS;Mujeres;2016-2017;M;pres;1030;
País Vasco;CENTROS PÚBLICOS;Hombres;2011-2012;S;pres;1995;
Cataluña;CENTROS PRIVADOS;Total;2011-2012;S;dist;0;
Comunidad de Madrid;TODOS LOS CENTROS;Hombres;2016-2017;B;pres;1182;
Galicia;CENTROS PRIVADOS;Total;2013-2014;S;pres;1204;
Canarias (ES);TODOS LOS CENTROS;Mujeres;2012-2013;M;dist;378;
Galicia;CENTROS PRIVADOS;Mujeres;2016-2017;M;pres;810;
Galicia;CENTROS PÚBLICOS;Total;2015-2016;M;dist;213;
País Vasco;CENTROS PÚBLICOS;Hombres;2017-2018;S;pres;2574;
País Vasco;CENTROS PÚBLICOS;Mujeres;2016-2017;S;pres;1476;
Cataluña;CENTROS PÚBLICOS;Mujeres;2017-2018;M;dist;159;
Comunidad de Madrid;CENTROS PRIVADOS;Hombres;2011-2012;M;dist;0;
País Vasco;TODOS LOS CENTROS;Total;2016-2017;B;pres;1380;
País Vasco;CENTROS PÚBLICOS;Total;2017-2018;S;pres;4163;
País Vasco;CENTROS PÚBLICOS;Mujeres;2017-2018;S;dist;14;
País Vasco;TODOS LOS CENTROS;Hombres;2015-2016;S;dist;22;
Cataluña;TODOS LOS CENTROS;Hombres;2015-2016;B;pres;0;
Cataluña;TODOS LOS CENTROS;Total;2017-2018;S;pres;19243;
Galicia;CENTROS PRIVADOS;Total;2012-2013;S;pres;1295;
País Vasco;CENTROS PRIVADOS;Mujeres;2011-2012;M;dist;0;
Cataluña;CENTROS PRIVADOS;Total;2015-2016;S;dist;476;
Canarias (ES);CENTROS PÚBLICOS;Hombres;2015-2016;M;dist;377;
Canarias (ES);CENTROS PÚBLICOS;Total;2017-2018;M;pres;3467;
Cataluña;CENTROS PRIVADOS;Hombres;2017-2018;M;pres;3002;
Canarias (ES);CENTROS PÚBLICOS;Total;2015-2016;M;pres;3752;
Galicia;CENTROS PÚBLICOS;Total;2013-2014;M;dist;82;
Comunidad de Madrid;CENTROS PÚBLICOS;Hombres;2014-2015;M;dist;7;
País Vasco;TODOS LOS CENTROS;Mujeres;2014-2015;M;dist;3;
País Vasco;CENTROS PÚBLICOS;Total;2015-2016;M;dist;43;
Canarias (ES);CENTROS PRIVADOS;Total;2011-2012;S;pres;154;
País Vasco;TODOS LOS CENTROS;Total;2017-2018;M;dist;72;
Cataluña;CENTROS PÚBLICOS;Mujeres;2013-2014;S;pres;6442;
País Vasco;CENTROS PRIVADOS;Mujeres;2015-2016;M;dist;0;
Galicia;TODOS LOS CENTROS;Mujeres;2011-2012;S;dist;0;
Cataluña;CENTROS PRIVADOS;Total;2014-2015;S;dist;329;
Galicia;CENTROS PRIVADOS;Hombres;2016-2017;S;dist;0;
Galicia;CENTROS PÚBLICOS;Total;2012-2013;S;pres;5508;
País Vasco;CENTROS PÚBLICOS;Hombres;2014-2015;S;pres;2365;
Cataluña;CENTROS PRIVADOS;Mujeres;2014-2015;S;dist;205;
Canarias (ES);CENTROS PRIVADOS;Mujeres;2011-2012;M;dist;0;
Canarias (ES);TODOS LOS CENTROS;Mujeres;2012-2013;S;pres;2119;
Cataluña;CENTROS PÚBLICOS;Mujeres;2014-2015;S;pres;6608;
Cataluña;CENTROS PÚBLICOS;Total;2016-2017;S;pres;12395;
Galicia;CENTROS PÚBLICOS;Total;2017-2018;S;dist;188;
País Vasco;CENTROS PRIVADOS;Total;2012-2013;M;pres;1667;
País Vasco;CENTROS PRIVADOS;Hombres;2016-2017;M;dist;0;
Comunidad de Madrid;CENTROS PRIVADOS;Total;2017-2018;M;pres;3966;
Galicia;CENTROS PRIVADOS;Total;2014-2015;S;pres;1293;
Comunidad de Madrid;CENTROS PRIVADOS;Hombres;2011-2012;S;pres;1870;
Galicia;CENTROS PÚBLICOS;Total;2015-2016;M;pres;4878;
País Vasco;CENTROS PÚBLICOS;Hombres;2016-2017;S;dist;27;
Comunidad de Madrid;TODOS LOS CENTROS;Hombres;2015-2016;M;dist;147;
Cataluña;CENTROS PÚBLICOS;Mujeres;2012-2013;M;dist;0;
Galicia;TODOS LOS CENTROS;Hombres;2014-2015;M;dist;47;
País Vasco;CENTROS PRIVADOS;Hombres;2014-2015;M;dist;0;
Galicia;TODOS LOS CENTROS;Total;2015-2016;S;dist;193;
Galicia;CENTROS PÚBLICOS;Hombres;2017-2018;M;pres;2441;
Cataluña;CENTROS PÚBLICOS;Hombres;2013-2014;M;dist;136;
Canarias (ES);CENTROS PRIVADOS;Total;2013-2014;M;dist;6;
Cataluña;TODOS LOS CENTROS;Hombres;2015-2016;S;dist;283;
País Vasco;CENTROS PÚBLICOS;Mujeres;2011-2012;S;dist;0;
Canarias (ES);CENTROS PÚBLICOS;Hombres;2016-2017;M;pres;2012;
Galicia;CENTROS PRIVADOS;Mujeres;2016-2017;B;pres;83;
País Vasco;CENTROS PRIVADOS;Total;2012-2013;S;dist;0;
Canarias (ES);CENTROS PÚBLICOS;Mujeres;2014-2015;S;pres;2445;
Comunidad de Madrid;CENTROS PRIVADOS;Mujeres;2016-2017;B;pres;247;
Galicia;CENTROS PÚBLICOS;Total;2016-2017;M;dist;238;
Comunidad de Madrid;CENTROS PÚBLICOS;Mujeres;2013-2014;M;pres;3011;
Galicia;CENTROS PRIVADOS;Total;2017-2018;M;dist;0;
Canarias (ES);TODOS LOS CENTROS;Mujeres;2016-2017;M;dist;825;
Galicia;CENTROS PRIVADOS;Total;2012-2013;M;dist;0;
Galicia;CENTROS PRIVADOS;Mujeres;2014-2015;M;pres;865;
País Vasco;CENTROS PRIVADOS;Mujeres;2016-2017;M;pres;804;
Canarias (ES);CENTROS PRIVADOS;Mujeres;2015-2016;B;pres;6;
Galicia;CENTROS PÚBLICOS;Hombres;2017-2018;B;pres;790;
